player_id,player_alias,team_or_country,flag,maps,rounds,rating,acs,kd,kast_pct,adr,kpr,apr,fkfd,fkpr,fdpr,hs_pct,clutch_pct,clutches_won,clutches_played,kmax,kmax_match_url,kills,deaths,assists,first_kills,first_deaths,source,filters,agents
8480,aspas,MIBR,br,15,330,1.33,262.0,1.66,79.0,164.7,0.97,0.13,2.91,0.2,0.07,26.0,8.0,2,26,32,/542269/mibr-vs-nrg-valorant-champions-2025-ubsf/?game=233472,319,192,44,67,23,event:2283,"{""side"":""all"",""role"":""all"",""agent"":""all"",""map_id"":""all"",""min_rounds"":""100""}",neon:33.0; waylay:27.0; jett:27.0
10971,RieNs,TH,tr,12,256,1.17,226.0,1.14,73.0,148.9,0.79,0.33,1.5,0.07,0.05,34.0,20.0,7,35,23,/542213/team-heretics-vs-t1-valorant-champions-2025-winners-d/?game=233448,203,178,85,18,12,event:2283,"{""side"":""all"",""role"":""all"",""agent"":""all"",""map_id"":""all"",""min_rounds"":""100""}",fade:67.0; sova:33.0
2172,brawk,NRG,us,17,377,1.16,225.0,1.17,76.0,144.7,0.73,0.34,1.13,0.07,0.06,17.0,9.0,4,47,28,/542208/drx-vs-nrg-valorant-champions-2025-winners-c/?game=233435,275,236,128,26,23,event:2283,"{""side"":""all"",""role"":""all"",""agent"":""all"",""map_id"":""all"",""min_rounds"":""100""}",sova:82.0; vyse:18.0
9554,kaajak,FNC,pl,22,453,1.15,228.0,1.2,71.0,148.2,0.82,0.2,1.61,0.21,0.13,32.0,13.0,4,30,30,/542268/fnatic-vs-paper-rex-valorant-champions-2025-ubsf/?game=233469,372,311,90,95,59,event:2283,"{""side"":""all"",""role"":""all"",""agent"":""all"",""map_id"":""all"",""min_rounds"":""100""}",yoru:64.0; waylay:18.0; raze:14.0
1265,johnqt,SEN,ma,6,126,1.14,187.0,1.13,79.0,118.7,0.67,0.27,1.0,0.04,0.04,33.0,9.0,2,22,17,/542196/giantx-vs-sentinels-valorant-champions-2025-opening-a/?game=233402,85,75,34,5,5,event:2283,"{""side"":""all"",""role"":""all"",""agent"":""all"",""map_id"":""all"",""min_rounds"":""100""}",viper:67.0; cypher:17.0; sova:17.0
4742,Smoggy,EDG,cn,5,119,1.13,206.0,1.09,77.0,135.3,0.74,0.4,2.2,0.09,0.04,25.0,17.0,4,23,26,/542207/nrg-vs-edward-gaming-valorant-champions-2025-opening-c/?game=233430,88,81,48,11,5,event:2283,"{""side"":""all"",""role"":""all"",""agent"":""all"",""map_id"":""all"",""min_rounds"":""100""}",omen:80.0; brimstone:20.0
7873,leaf,G2,us,12,268,1.11,223.0,1.13,71.0,151.5,0.79,0.26,1.25,0.11,0.09,21.0,15.0,5,33,30,/542265/paper-rex-vs-g2-esports-valorant-champions-2025-ubqf/?game=233462,213,188,69,30,24,event:2283,"{""side"":""all"",""role"":""all"",""agent"":""all"",""map_id"":""all"",""min_rounds"":""100""}",viper:58.0; deadlock:17.0; chamber:17.0
17086,something,PRX,ru,16,356,1.1,220.0,1.17,72.0,141.0,0.79,0.26,1.19,0.16,0.13,25.0,13.0,5,38,28,/542265/paper-rex-vs-g2-esports-valorant-champions-2025-ubqf/?game=233461,281,240,94,57,48,event:2283,"{""side"":""all"",""role"":""all"",""agent"":""all"",""map_id"":""all"",""min_rounds"":""100""}",yoru:88.0; sova:13.0
11118,skuba,NRG,us,17,377,1.09,190.0,1.17,76.0,124.9,0.71,0.25,0.88,0.06,0.06,30.0,21.0,12,58,28,/542207/nrg-vs-edward-gaming-valorant-champions-2025-opening-c/?game=233430,266,228,94,21,24,event:2283,"{""side"":""all"",""role"":""all"",""agent"":""all"",""map_id"":""all"",""min_rounds"":""100""}",viper:41.0; vyse:35.0; killjoy:18.0
5395,cortezia,MIBR,br,15,330,1.08,196.0,1.27,75.0,130.2,0.72,0.21,1.59,0.11,0.07,33.0,8.0,3,40,25,/542269/mibr-vs-nrg-valorant-champions-2025-ubsf/?game=233472,237,186,68,35,22,event:2283,"{""side"":""all"",""role"":""all"",""agent"":""all"",""map_id"":""all"",""min_rounds"":""100""}",viper:40.0; cypher:33.0; killjoy:20.0
11527,NoMan,XLG,hk,7,157,1.08,221.0,1.18,73.0,140.7,0.78,0.19,1.0,0.1,0.1,32.0,5.0,1,19,23,/542198/xi-lai-gaming-vs-sentinels-valorant-champions-2025-elim-a/?game=233408,123,104,30,16,16,event:2283,"{""side"":""all"",""role"":""all"",""agent"":""all"",""map_id"":""all"",""min_rounds"":""100""}",skye:29.0; neon:14.0; jett:14.0
458,Chronicle,FNC,ru,22,453,1.07,204.0,1.07,70.0,138.7,0.72,0.28,1.2,0.09,0.08,29.0,7.0,4,60,31,/542268/fnatic-vs-paper-rex-valorant-champions-2025-ubsf/?game=233471,326,304,125,42,35,event:2283,"{""side"":""all"",""role"":""all"",""agent"":""all"",""map_id"":""all"",""min_rounds"":""100""}",viper:55.0; breach:23.0; vyse:18.0
4181,Cloud,GX,ru,13,261,1.07,203.0,1.02,70.0,135.2,0.69,0.33,1.13,0.07,0.06,29.0,7.0,3,43,23,/542196/giantx-vs-sentinels-valorant-champions-2025-opening-a/?game=233401,179,176,85,18,16,event:2283,"{""side"":""all"",""role"":""all"",""agent"":""all"",""map_id"":""all"",""min_rounds"":""100""}",sova:54.0; fade:31.0; gekko:15.0
9810,Alfajer,FNC,tr,19,391,1.06,212.0,1.14,69.0,141.3,0.76,0.18,1.29,0.14,0.1,34.0,5.0,2,40,25,/542264/fnatic-vs-drx-valorant-champions-2025-ubqf/?game=233457,299,263,72,53,41,event:2283,"{""side"":""all"",""role"":""all"",""agent"":""all"",""map_id"":""all"",""min_rounds"":""100""}",killjoy:26.0; sage:21.0; cypher:21.0
3993,jawgemo,G2,kh,12,268,1.05,230.0,1.09,68.0,141.7,0.8,0.2,1.39,0.2,0.14,28.0,19.0,6,31,28,/542273/drx-vs-g2-esports-valorant-champions-2025-lr1/?game=233483,214,196,54,53,38,event:2283,"{""side"":""all"",""role"":""all"",""agent"":""all"",""map_id"":""all"",""min_rounds"":""100""}",yoru:92.0; raze:8.0
7378,Jinggg,PRX,sg,16,356,1.05,224.0,1.1,74.0,146.0,0.78,0.24,0.91,0.12,0.13,22.0,12.0,3,25,28,/542278/drx-vs-paper-rex-valorant-champions-2025-lr3/?game=233495,278,252,84,43,47,event:2283,"{""side"":""all"",""role"":""all"",""agent"":""all"",""map_id"":""all"",""min_rounds"":""100""}",raze:69.0; sage:25.0; omen:6.0
21668,Verno,MIBR,us,15,330,1.05,199.0,1.15,76.0,129.3,0.67,0.33,1.68,0.1,0.06,25.0,17.0,4,24,22,/542269/mibr-vs-nrg-valorant-champions-2025-ubsf/?game=233474,220,191,110,32,19,event:2283,"{""side"":""all"",""role"":""all"",""agent"":""all"",""map_id"":""all"",""min_rounds"":""100""}",sova:87.0; fade:13.0
3520,ZmjjKK,EDG,cn,5,119,1.04,237.0,1.08,62.0,143.5,0.82,0.18,1.09,0.21,0.19,24.0,0.0,0,15,23,/542207/nrg-vs-edward-gaming-valorant-champions-2025-opening-c/?game=233430,97,90,22,25,23,event:2283,"{""side"":""all"",""role"":""all"",""agent"":""all"",""map_id"":""all"",""min_rounds"":""100""}",yoru:80.0; neon:20.0
13039,Meteor,T1,kr,6,148,1.04,219.0,0.96,68.0,144.2,0.74,0.18,2.27,0.17,0.07,36.0,11.0,3,27,29,/542212/dragon-ranger-gaming-vs-t1-valorant-champions-2025-opening-d/?game=233446,110,114,26,25,11,event:2283,"{""side"":""all"",""role"":""all"",""agent"":""all"",""map_id"":""all"",""min_rounds"":""100""}",vyse:67.0; cypher:33.0
29833,iZu,T1,kr,6,148,1.04,212.0,1.09,70.0,124.8,0.76,0.15,1.4,0.14,0.1,26.0,21.0,4,19,22,/542212/dragon-ranger-gaming-vs-t1-valorant-champions-2025-opening-d/?game=233445,113,104,22,21,15,event:2283,"{""side"":""all"",""role"":""all"",""agent"":""all"",""map_id"":""all"",""min_rounds"":""100""}",yoru:83.0; waylay:17.0
35013,Flashback,KRX,kr,22,477,1.04,223.0,1.12,66.0,144.3,0.8,0.16,1.03,0.17,0.16,24.0,10.0,3,30,26,/542208/drx-vs-nrg-valorant-champions-2025-winners-c/?game=233434,380,338,78,80,78,event:2283,"{""side"":""all"",""role"":""all"",""agent"":""all"",""map_id"":""all"",""min_rounds"":""100""}",yoru:86.0; neon:14.0
3885,valyn,G2,us,12,268,1.03,192.0,0.97,75.0,124.1,0.65,0.37,1.2,0.09,0.07,26.0,14.0,3,21,21,/542211/g2-esports-vs-team-heretics-valorant-champions-2025-opening-d/?game=233443,173,179,100,24,20,event:2283,"{""side"":""all"",""role"":""all"",""agent"":""all"",""map_id"":""all"",""min_rounds"":""100""}",omen:75.0; astra:17.0; brimstone:8.0
9801,f0rsakeN,PRX,id,16,356,1.03,213.0,1.04,73.0,135.5,0.75,0.42,0.7,0.09,0.12,31.0,17.0,5,29,28,/542265/paper-rex-vs-g2-esports-valorant-champions-2025-ubqf/?game=233462,266,257,149,31,44,event:2283,"{""side"":""all"",""role"":""all"",""agent"":""all"",""map_id"":""all"",""min_rounds"":""100""}",omen:75.0; brimstone:19.0; waylay:6.0
21328,Wo0t,TH,tr,12,256,1.03,210.0,1.05,71.0,138.2,0.75,0.16,1.13,0.13,0.12,30.0,26.0,7,27,25,/542277/paper-rex-vs-team-heretics-valorant-champions-2025-lr2/?game=233493,193,183,40,34,30,event:2283,"{""side"":""all"",""role"":""all"",""agent"":""all"",""map_id"":""all"",""min_rounds"":""100""}",chamber:33.0; viper:25.0; jett:17.0
37927,happywei,XLG,tw,7,157,1.03,216.0,1.06,70.0,145.8,0.75,0.32,0.65,0.1,0.15,39.0,10.0,2,21,24,/542198/xi-lai-gaming-vs-sentinels-valorant-champions-2025-elim-a/?game=233408,118,111,50,15,23,event:2283,"{""side"":""all"",""role"":""all"",""agent"":""all"",""map_id"":""all"",""min_rounds"":""100""}",viper:43.0; cypher:43.0; omen:14.0
457,nAts,TL,ru,7,148,1.02,194.0,1.06,69.0,126.7,0.69,0.18,1.0,0.11,0.11,26.0,19.0,4,21,27,/542209/team-liquid-vs-edward-gaming-valorant-champions-2025-elim-c/?game=233437,102,96,27,16,16,event:2283,"{""side"":""all"",""role"":""all"",""agent"":""all"",""map_id"":""all"",""min_rounds"":""100""}",cypher:57.0; viper:29.0; waylay:14.0
28400,HYUNMIN,KRX,kr,22,477,1.02,213.0,1.11,68.0,141.3,0.76,0.19,1.2,0.11,0.09,40.0,6.0,2,36,36,/542278/drx-vs-paper-rex-valorant-champions-2025-lr3/?game=233495,362,327,92,53,44,event:2283,"{""side"":""all"",""role"":""all"",""agent"":""all"",""map_id"":""all"",""min_rounds"":""100""}",waylay:95.0; raze:5.0
4462,MaKo,KRX,kr,22,477,1.01,172.0,1.02,72.0,108.9,0.61,0.37,0.86,0.08,0.09,25.0,13.0,9,68,21,/542273/drx-vs-g2-esports-valorant-champions-2025-lr1/?game=233485,291,284,177,36,42,event:2283,"{""side"":""all"",""role"":""all"",""agent"":""all"",""map_id"":""all"",""min_rounds"":""100""}",omen:82.0; brimstone:18.0
9803,d4v41,PRX,my,16,356,1.01,187.0,1.03,71.0,127.3,0.67,0.26,0.61,0.05,0.09,27.0,17.0,9,54,20,/542277/paper-rex-vs-team-heretics-valorant-champions-2025-lr2/?game=233492,238,230,93,19,31,event:2283,"{""side"":""all"",""role"":""all"",""agent"":""all"",""map_id"":""all"",""min_rounds"":""100""}",vyse:69.0; viper:19.0; sage:13.0
36415,Viva,XLG,cn,7,157,1.01,167.0,0.96,73.0,119.6,0.6,0.29,0.91,0.06,0.07,34.0,13.0,3,24,23,/542199/giantx-vs-xi-lai-gaming-valorant-champions-2025-decider-a/?game=233409,94,98,46,10,11,event:2283,"{""side"":""all"",""role"":""all"",""agent"":""all"",""map_id"":""all"",""min_rounds"":""100""}",sova:57.0; brimstone:29.0; fade:14.0
4,crashies,FNC,us,22,453,1.0,180.0,0.97,71.0,120.3,0.62,0.28,0.8,0.06,0.08,31.0,14.0,7,49,22,/542272/nrg-vs-fnatic-valorant-champions-2025-gf/?game=233480,283,292,129,28,35,event:2283,"{""side"":""all"",""role"":""all"",""agent"":""all"",""map_id"":""all"",""min_rounds"":""100""}",sova:55.0; fade:45.0
5132,mada,NRG,ca,17,377,1.0,214.0,1.06,66.0,137.2,0.75,0.19,0.84,0.17,0.2,26.0,15.0,3,20,31,/542207/nrg-vs-edward-gaming-valorant-champions-2025-opening-c/?game=233430,284,268,71,65,77,event:2283,"{""side"":""all"",""role"":""all"",""agent"":""all"",""map_id"":""all"",""min_rounds"":""100""}",yoru:24.0; waylay:24.0; neon:24.0
11494,keiko,TL,gb,7,148,1.0,200.0,0.94,70.0,131.0,0.68,0.26,1.58,0.13,0.08,35.0,14.0,2,14,18,/542210/drx-vs-team-liquid-valorant-champions-2025-decider-c/?game=233439,101,108,38,19,12,event:2283,"{""side"":""all"",""role"":""all"",""agent"":""all"",""map_id"":""all"",""min_rounds"":""100""}",omen:57.0; raze:29.0; brimstone:14.0
34684,westside,GX,pl,13,261,1.0,187.0,1.0,66.0,121.3,0.69,0.19,0.85,0.09,0.1,41.0,11.0,4,35,20,/542197/paper-rex-vs-giantx-valorant-champions-2025-winners-a/?game=233403,181,181,49,23,27,event:2283,"{""side"":""all"",""role"":""all"",""agent"":""all"",""map_id"":""all"",""min_rounds"":""100""}",cypher:77.0; deadlock:15.0; vyse:8.0
3017,nobody,EDG,cn,5,119,0.99,171.0,0.97,69.0,115.2,0.62,0.16,0.63,0.04,0.07,30.0,27.0,3,11,20,/542207/nrg-vs-edward-gaming-valorant-champions-2025-opening-c/?game=233430,74,76,19,5,8,event:2283,"{""side"":""all"",""role"":""all"",""agent"":""all"",""map_id"":""all"",""min_rounds"":""100""}",sova:60.0; fade:40.0
4164,s0m,NRG,us,17,377,0.99,197.0,0.97,75.0,124.2,0.68,0.37,0.77,0.08,0.1,24.0,14.0,5,37,23,/542207/nrg-vs-edward-gaming-valorant-champions-2025-opening-c/?game=233431,258,266,140,30,39,event:2283,"{""side"":""all"",""role"":""all"",""agent"":""all"",""map_id"":""all"",""min_rounds"":""100""}",omen:59.0; harbor:24.0; viper:18.0
5957,artzin,MIBR,br,15,330,0.99,202.0,1.05,73.0,127.0,0.66,0.38,0.82,0.12,0.15,24.0,20.0,3,15,24,/542266/team-heretics-vs-mibr-valorant-champions-2025-ubqf/?game=233463,219,209,124,41,50,event:2283,"{""side"":""all"",""role"":""all"",""agent"":""all"",""map_id"":""all"",""min_rounds"":""100""}",kayo:53.0; viper:33.0; yoru:13.0
4004,zekken,SEN,us,6,126,0.98,229.0,0.94,68.0,157.7,0.75,0.31,0.77,0.16,0.21,26.0,22.0,2,9,23,/542198/xi-lai-gaming-vs-sentinels-valorant-champions-2025-elim-a/?game=233407,94,100,39,20,26,event:2283,"{""side"":""all"",""role"":""all"",""agent"":""all"",""map_id"":""all"",""min_rounds"":""100""}",neon:67.0; jett:17.0; raze:17.0
11225,Ethan,NRG,us,17,377,0.98,176.0,0.93,72.0,115.1,0.6,0.42,0.65,0.07,0.11,24.0,17.0,4,24,23,/542272/nrg-vs-fnatic-valorant-champions-2025-gf/?game=233482,225,243,157,28,43,event:2283,"{""side"":""all"",""role"":""all"",""agent"":""all"",""map_id"":""all"",""min_rounds"":""100""}",omen:41.0; kayo:35.0; fade:18.0
15500,trent,G2,us,12,268,0.98,174.0,0.98,72.0,117.6,0.62,0.24,0.32,0.03,0.08,31.0,15.0,6,40,21,/542265/paper-rex-vs-g2-esports-valorant-champions-2025-ubqf/?game=233461,166,170,63,7,22,event:2283,"{""side"":""all"",""role"":""all"",""agent"":""all"",""map_id"":""all"",""min_rounds"":""100""}",tejo:83.0; fade:8.0; sova:8.0
43057,DH,T1,kr,6,148,0.98,186.0,0.9,68.0,122.4,0.64,0.39,0.63,0.07,0.11,34.0,21.0,4,19,27,/542212/dragon-ranger-gaming-vs-t1-valorant-champions-2025-opening-d/?game=233445,95,106,57,10,16,event:2283,"{""side"":""all"",""role"":""all"",""agent"":""all"",""map_id"":""all"",""min_rounds"":""100""}",omen:100.0
4678,BeYN,KRX,kr,22,477,0.97,171.0,0.98,71.0,114.5,0.6,0.26,1.11,0.06,0.06,28.0,23.0,14,61,24,/542276/mibr-vs-drx-valorant-champions-2025-lr2/?game=233490,288,294,126,30,27,event:2283,"{""side"":""all"",""role"":""all"",""agent"":""all"",""map_id"":""all"",""min_rounds"":""100""}",sova:50.0; fade:50.0
11332,ara,GX,ro,13,261,0.97,199.0,1.01,66.0,133.8,0.72,0.13,1.2,0.18,0.15,29.0,14.0,3,21,27,/542199/giantx-vs-xi-lai-gaming-valorant-champions-2025-decider-a/?game=233409,189,187,35,48,40,event:2283,"{""side"":""all"",""role"":""all"",""agent"":""all"",""map_id"":""all"",""min_rounds"":""100""}",raze:38.0; neon:31.0; jett:23.0
20240,xenom,MIBR,br,15,330,0.97,155.0,0.95,78.0,96.1,0.55,0.53,0.9,0.05,0.06,24.0,8.0,3,39,18,/542202/mibr-vs-fnatic-valorant-champions-2025-winners-b/?game=233420,180,190,175,18,20,event:2283,"{""side"":""all"",""role"":""all"",""agent"":""all"",""map_id"":""all"",""min_rounds"":""100""}",omen:67.0; astra:20.0; brimstone:13.0
24895,Jemkin,RRQ,ru,7,137,0.97,216.0,1.06,63.0,132.8,0.74,0.13,1.28,0.17,0.13,35.0,8.0,1,13,26,/542203/bilibili-gaming-vs-rex-regum-qeon-valorant-champions-2025-elim-b/?game=233423,102,96,18,23,18,event:2283,"{""side"":""all"",""role"":""all"",""agent"":""all"",""map_id"":""all"",""min_rounds"":""100""}",jett:43.0; yoru:29.0; waylay:29.0
22047,Rarga,XLG,ru,7,157,0.96,209.0,0.98,73.0,129.8,0.73,0.21,1.69,0.17,0.1,34.0,8.0,1,12,21,/542199/giantx-vs-xi-lai-gaming-valorant-champions-2025-decider-a/?game=233409,115,117,33,27,16,event:2283,"{""side"":""all"",""role"":""all"",""agent"":""all"",""map_id"":""all"",""min_rounds"":""100""}",yoru:29.0; raze:14.0; sage:14.0
36245,N4RRATE,SEN,us,6,126,0.95,190.0,0.87,70.0,121.2,0.63,0.39,0.62,0.06,0.1,26.0,17.0,3,18,19,/542198/xi-lai-gaming-vs-sentinels-valorant-champions-2025-elim-a/?game=233406,79,91,49,8,13,event:2283,"{""side"":""all"",""role"":""all"",""agent"":""all"",""map_id"":""all"",""min_rounds"":""100""}",fade:50.0; sova:33.0; omen:17.0
14681,kamo,TL,pl,7,148,0.93,190.0,0.94,63.0,128.4,0.68,0.12,0.58,0.14,0.24,32.0,15.0,2,13,22,/542209/team-liquid-vs-edward-gaming-valorant-champions-2025-elim-c/?game=233438,100,106,18,21,36,event:2283,"{""side"":""all"",""role"":""all"",""agent"":""all"",""map_id"":""all"",""min_rounds"":""100""}",jett:43.0; yoru:29.0; raze:14.0
18350,MiniBoo,TH,lt,12,256,0.93,204.0,0.95,65.0,134.9,0.71,0.16,1.09,0.19,0.17,26.0,27.0,3,11,23,/542211/g2-esports-vs-team-heretics-valorant-champions-2025-opening-d/?game=233442,183,192,41,48,44,event:2283,"{""side"":""all"",""role"":""all"",""agent"":""all"",""map_id"":""all"",""min_rounds"":""100""}",yoru:50.0; raze:33.0; waylay:17.0
6959,Flickless,GX,be,13,261,0.92,174.0,0.83,74.0,115.8,0.56,0.47,0.88,0.06,0.07,26.0,9.0,3,33,17,/542274/team-heretics-vs-giantx-valorant-champions-2025-lr1/?game=233488,146,175,122,15,17,event:2283,"{""side"":""all"",""role"":""all"",""agent"":""all"",""map_id"":""all"",""min_rounds"":""100""}",viper:46.0; breach:31.0; kayo:23.0
8497,Monyet,RRQ,id,7,137,0.92,175.0,0.88,69.0,109.6,0.61,0.4,0.58,0.05,0.09,28.0,11.0,2,19,21,/542203/bilibili-gaming-vs-rex-regum-qeon-valorant-champions-2025-elim-b/?game=233422,84,96,55,7,12,event:2283,"{""side"":""all"",""role"":""all"",""agent"":""all"",""map_id"":""all"",""min_rounds"":""100""}",omen:71.0; raze:14.0; neon:14.0
4581,JonahP,G2,ca,12,268,0.91,173.0,0.84,71.0,108.3,0.58,0.37,0.79,0.08,0.1,19.0,21.0,5,24,26,/542265/paper-rex-vs-g2-esports-valorant-champions-2025-ubqf/?game=233461,155,184,99,22,28,event:2283,"{""side"":""all"",""role"":""all"",""agent"":""all"",""map_id"":""all"",""min_rounds"":""100""}",fade:67.0; sova:17.0; sage:8.0
4866,Kushy,RRQ,id,7,137,0.91,179.0,0.85,66.0,120.7,0.63,0.29,0.59,0.07,0.12,40.0,14.0,2,14,20,/542201/rex-regum-qeon-vs-fnatic-valorant-champions-2025-opening-b/?game=233415,86,101,40,10,17,event:2283,"{""side"":""all"",""role"":""all"",""agent"":""all"",""map_id"":""all"",""min_rounds"":""100""}",fade:43.0; kayo:43.0; sova:14.0
438,Boaster,FNC,gb,22,453,0.89,145.0,0.77,70.0,94.0,0.49,0.38,0.5,0.04,0.08,22.0,16.0,5,31,24,/542201/rex-regum-qeon-vs-fnatic-valorant-champions-2025-opening-b/?game=233416,220,285,172,18,36,event:2283,"{""side"":""all"",""role"":""all"",""agent"":""all"",""map_id"":""all"",""min_rounds"":""100""}",omen:59.0; astra:41.0
15559,CHICHOO,EDG,cn,5,119,0.89,158.0,0.9,69.0,113.5,0.59,0.25,0.8,0.07,0.08,21.0,15.0,2,13,21,/542207/nrg-vs-edward-gaming-valorant-champions-2025-opening-c/?game=233430,70,78,30,8,10,event:2283,"{""side"":""all"",""role"":""all"",""agent"":""all"",""map_id"":""all"",""min_rounds"":""100""}",viper:40.0; sage:20.0; cypher:20.0
29873,benjyfishy,TH,gb,12,256,0.89,175.0,0.83,71.0,115.0,0.59,0.28,0.94,0.06,0.07,27.0,17.0,6,35,25,/542211/g2-esports-vs-team-heretics-valorant-champions-2025-opening-d/?game=233442,152,184,71,16,17,event:2283,"{""side"":""all"",""role"":""all"",""agent"":""all"",""map_id"":""all"",""min_rounds"":""100""}",deadlock:33.0; vyse:25.0; cypher:25.0
1144,Boo,TH,lt,12,256,0.88,144.0,0.74,71.0,93.1,0.5,0.53,0.61,0.05,0.09,31.0,17.0,8,46,16,/542274/team-heretics-vs-giantx-valorant-champions-2025-lr1/?game=233488,128,172,135,14,23,event:2283,"{""side"":""all"",""role"":""all"",""agent"":""all"",""map_id"":""all"",""min_rounds"":""100""}",omen:67.0; astra:17.0; brimstone:17.0
2168,trexx,TL,ru,7,148,0.87,160.0,0.73,63.0,109.7,0.51,0.26,0.6,0.04,0.07,20.0,4.0,1,24,17,/542209/team-liquid-vs-edward-gaming-valorant-champions-2025-elim-c/?game=233438,76,104,39,6,10,event:2283,"{""side"":""all"",""role"":""all"",""agent"":""all"",""map_id"":""all"",""min_rounds"":""100""}",sova:43.0; gekko:14.0; fade:14.0
1916,free1ng,KRX,kr,22,477,0.86,160.0,0.88,68.0,107.1,0.57,0.2,1.0,0.09,0.09,35.0,16.0,8,51,23,/542276/mibr-vs-drx-valorant-champions-2025-lr2/?game=233490,270,308,97,43,43,event:2283,"{""side"":""all"",""role"":""all"",""agent"":""all"",""map_id"":""all"",""min_rounds"":""100""}",vyse:41.0; cypher:36.0; viper:23.0
804,BuZz,T1,kr,6,148,0.85,190.0,0.92,69.0,127.4,0.7,0.25,0.33,0.06,0.18,25.0,38.0,3,8,31,/542212/dragon-ranger-gaming-vs-t1-valorant-champions-2025-opening-d/?game=233446,103,112,37,9,27,event:2283,"{""side"":""all"",""role"":""all"",""agent"":""all"",""map_id"":""all"",""min_rounds"":""100""}",neon:100.0
4871,xffero,RRQ,id,7,137,0.85,172.0,0.88,66.0,113.5,0.61,0.2,1.0,0.12,0.12,27.0,8.0,1,12,16,/542203/bilibili-gaming-vs-rex-regum-qeon-valorant-champions-2025-elim-b/?game=233422,83,94,27,16,16,event:2283,"{""side"":""all"",""role"":""all"",""agent"":""all"",""map_id"":""all"",""min_rounds"":""100""}",cypher:71.0; viper:29.0
13744,PatMen,PRX,ph,16,356,0.84,158.0,0.83,68.0,106.5,0.55,0.21,0.64,0.04,0.06,31.0,5.0,2,42,21,/542265/paper-rex-vs-g2-esports-valorant-champions-2025-ubqf/?game=233461,196,235,76,14,22,event:2283,"{""side"":""all"",""role"":""all"",""agent"":""all"",""map_id"":""all"",""min_rounds"":""100""}",fade:63.0; sova:25.0; viper:13.0
5550,grubinho,GX,pl,13,261,0.83,169.0,0.8,70.0,108.0,0.6,0.39,1.11,0.11,0.1,29.0,22.0,4,18,17,/542196/giantx-vs-sentinels-valorant-champions-2025-opening-a/?game=233402,156,196,102,30,27,event:2283,"{""side"":""all"",""role"":""all"",""agent"":""all"",""map_id"":""all"",""min_rounds"":""100""}",omen:85.0; astra:15.0
1430,crazyguy,RRQ,vn,7,137,0.82,152.0,0.71,68.0,109.8,0.49,0.33,0.42,0.04,0.09,24.0,13.0,3,24,15,/542203/bilibili-gaming-vs-rex-regum-qeon-valorant-champions-2025-elim-b/?game=233422,67,94,45,5,12,event:2283,"{""side"":""all"",""role"":""all"",""agent"":""all"",""map_id"":""all"",""min_rounds"":""100""}",sova:43.0; omen:29.0; tejo:14.0
51244,Jieni7,EDG,cn,5,119,0.82,192.0,0.83,67.0,117.9,0.65,0.23,1.4,0.12,0.08,26.0,0.0,0,2,21,/542207/nrg-vs-edward-gaming-valorant-champions-2025-opening-c/?game=233430,77,93,27,14,10,event:2283,"{""side"":""all"",""role"":""all"",""agent"":""all"",""map_id"":""all"",""min_rounds"":""100""}",neon:40.0; breach:20.0; waylay:20.0
309,paTiTek,TL,pl,7,148,0.81,157.0,0.74,66.0,101.1,0.53,0.36,0.5,0.03,0.05,27.0,9.0,1,11,16,/542209/team-liquid-vs-edward-gaming-valorant-champions-2025-elim-c/?game=233438,78,106,54,4,8,event:2283,"{""side"":""all"",""role"":""all"",""agent"":""all"",""map_id"":""all"",""min_rounds"":""100""}",kayo:43.0; fade:29.0; skye:14.0
729,Zellsis,SEN,us,6,126,0.8,152.0,0.77,67.0,99.7,0.54,0.27,1.21,0.13,0.11,20.0,0.0,0,13,16,/542198/xi-lai-gaming-vs-sentinels-valorant-champions-2025-elim-a/?game=233406,68,88,34,17,14,event:2283,"{""side"":""all"",""role"":""all"",""agent"":""all"",""map_id"":""all"",""min_rounds"":""100""}",vyse:33.0; killjoy:33.0; breach:17.0
3880,bang,SEN,us,6,126,0.79,141.0,0.79,67.0,92.4,0.53,0.29,0.64,0.06,0.09,35.0,11.0,1,9,15,/542198/xi-lai-gaming-vs-sentinels-valorant-champions-2025-elim-a/?game=233406,67,85,37,7,11,event:2283,"{""side"":""all"",""role"":""all"",""agent"":""all"",""map_id"":""all"",""min_rounds"":""100""}",omen:83.0; astra:17.0
12365,coconut,XLG,hk,7,157,0.77,150.0,0.71,71.0,92.6,0.5,0.44,1.09,0.08,0.07,30.0,0.0,0,11,16,/542198/xi-lai-gaming-vs-sentinels-valorant-champions-2025-elim-a/?game=233407,79,112,69,12,11,event:2283,"{""side"":""all"",""role"":""all"",""agent"":""all"",""map_id"":""all"",""min_rounds"":""100""}",omen:57.0; gekko:29.0; astra:14.0
485,stax,T1,kr,6,148,0.75,147.0,0.69,66.0,98.8,0.49,0.31,0.4,0.03,0.07,38.0,10.0,2,20,16,/542212/dragon-ranger-gaming-vs-t1-valorant-champions-2025-opening-d/?game=233445,73,106,46,4,10,event:2283,"{""side"":""all"",""role"":""all"",""agent"":""all"",""map_id"":""all"",""min_rounds"":""100""}",fade:67.0; sova:33.0
